id,version_date,current_value,predict_value,previous_value,refresh_date
1135,2023-01-06,--,20,26.3,2023-01-24 16:54:00
1134,2022-12-02,26.3,20,28.4,2023-01-24 16:54:00
1133,2022-11-04,26.1,20,31.5,2023-01-24 16:54:00
1132,2022-10-07,26.3,25,31.5,2023-01-24 16:54:00
1131,2022-09-02,31.5,30,52.6,2023-01-24 16:54:00
1130,2022-08-05,52.8,25,39.8,2023-01-24 16:54:00
1129,2022-07-08,37.2,26.8,38.4,2023-01-24 16:54:00
1109,2022-06-03,39,32.5,43.6,2023-01-24 16:54:00
1110,2022-05-06,42.8,39.1,42.8,2023-01-24 16:54:00
1111,2022-04-01,43.1,49,75,2023-01-24 16:54:00
1112,2022-03-04,67.8,40,48.1,2023-01-24 16:54:00
1113,2022-02-04,46.7,15,51,2023-01-24 16:54:00
1114,2022-01-07,19.9,40,24.9,2023-01-24 16:54:00
1115,2021-12-03,21,55,54.6,2023-01-24 16:54:00
1116,2021-11-05,53.1,45,31.2,2023-01-24 16:54:00
1117,2021-10-08,19.4,50,36.6,2023-01-24 16:54:00
1118,2021-09-03,23.5,75,105.3,2023-01-24 16:54:00
1119,2021-08-06,94.3,87,93.8,2023-01-24 16:54:00
1120,2021-07-02,85,70,58.3,2023-01-24 16:54:00
1121,2021-06-04,55.9,65,27.8,2023-01-24 16:54:00
1122,2021-05-07,26.6,97.8,77,2022-12-11 23:22:15
1123,2021-04-02,91.6,64.7,46.8,2022-11-06 04:45:50
1124,2021-03-05,37.9,18.2,16.6,2022-10-08 00:45:26
1125,2021-02-05,4.9,5,-22.7,2022-09-16 20:19:19
1126,2021-01-08,-14,7.1,33.6,2022-05-22 21:48:43
1127,2020-12-04,24.5,46.9,61,2022-05-22 21:48:43
1128,2020-11-06,63.8,60,67.2,2022-05-22 21:48:43
19,2020-10-02,66.1,85,148.9,2022-04-10 18:35:53
20,2020-09-04,137.1,140,173.4,2022-04-10 18:35:53
21,2020-08-07,176.3,160,479.1,2022-04-10 18:35:53
22,2020-07-02,480.0,300,269.9,2022-04-10 18:35:53
23,2020-06-05,250.9,-800,-2068.7,2022-04-10 18:35:53
24,2020-05-08,-2050.0,-2200,-87.0,2022-04-10 18:35:53
25,2020-04-03,-70.1,-10,27.5,2022-04-10 18:35:53
26,2020-03-06,27.3,17.5,27.3,2022-04-10 18:35:53
27,2020-02-07,22.5,16,14.7,2022-04-10 18:35:53
28,2020-01-10,14.5,16.4,25.6,2022-04-10 18:35:53
29,2019-12-06,26.6,18.6,15.6,2022-04-10 18:35:53
30,2019-11-01,12.8,8.9,18.0,2022-04-10 18:35:53
31,2019-10-04,13.6,14,16.8,2022-04-10 18:35:53
32,2019-09-06,13.0,16,15.9,2022-04-10 18:35:53
33,2019-08-02,16.4,16.4,19.3,2022-04-10 18:35:53
34,2019-07-05,22.4,16,7.2,2022-04-10 18:35:53
35,2019-06-07,7.5,18.5,22.4,2022-04-10 18:35:53
36,2019-05-03,26.3,18.1,18.9,2022-04-10 18:35:53
37,2019-04-05,19.6,17.5,3.3,2022-04-10 18:35:53
38,2019-03-08,2.0,18.1,31.1,2022-04-10 18:35:53
39,2019-02-01,30.4,16.5,22.2,2022-04-10 18:35:53
40,2019-01-04,31.2,17.8,17.6,2022-04-10 18:35:53
41,2018-12-07,15.5,20,23.7,2022-04-10 18:35:53
42,2018-11-02,25.0,19.3,11.8,2022-04-10 18:35:53
43,2018-10-05,13.4,18.5,27.0,2022-04-10 18:35:53
44,2018-09-07,20.1,19.1,14.7,2022-04-10 18:35:53
45,2018-08-03,15.7,19.3,24.8,2022-04-10 18:35:53
46,2018-07-06,21.3,20,24.4,2022-04-10 18:35:53
47,2018-06-01,22.3,18.9,15.9,2022-04-10 18:35:53
48,2018-05-04,16.4,18.9,13.5,2022-04-10 18:35:53
49,2018-04-06,10.3,19.3,32.6,2022-04-10 18:35:53
50,2018-03-09,31.3,20,23.9,2022-04-10 18:35:53
51,2018-02-02,20.0,18.4,16.0,2022-04-10 18:35:53
52,2018-01-05,14.8,19,25.2,2022-04-10 18:35:53
53,2017-12-08,22.8,20,24.4,2022-04-10 18:35:53
54,2017-11-03,26.1,31,1.8,2022-04-10 18:35:53
55,2017-10-06,-3.3,9,16.9,2022-04-10 18:35:53
56,2017-09-01,15.6,18,18.9,2022-04-10 18:35:53
57,2017-08-04,20.9,18.3,23.1,2022-04-10 18:35:53
58,2017-07-07,22.2,17.9,15.2,2022-04-10 18:35:53
59,2017-06-02,13.8,18.5,17.4,2022-04-10 18:35:53
60,2017-05-05,21.1,18.5,7.9,2022-04-10 18:35:53
61,2017-04-07,9.8,18,21.9,2022-04-10 18:35:53
62,2017-03-10,23.5,20,23.8,2022-04-10 18:35:53
63,2017-02-03,22.7,17.5,15.7,2022-04-10 18:35:53
64,2017-01-06,15.6,17.8,20.4,2022-04-10 18:35:53
65,2016-12-02,17.8,17.5,14.2,2022-04-10 18:35:53
66,2016-11-04,16.1,17.5,19.1,2022-04-10 18:35:53
67,2016-10-07,15.6,17.5,16.7,2022-04-10 18:35:53
68,2016-09-02,15.1,18,27.5,2022-04-10 18:35:53
69,2016-08-05,25.5,18,29.2,2022-04-10 18:35:53
70,2016-07-08,28.7,17.5,1.1,2022-04-10 18:35:53
71,2016-06-03,3.8,16.4,12.3,2022-04-10 18:35:53
72,2016-05-06,16.0,20.2,20.8,2022-04-10 18:35:53
73,2016-04-01,21.5,20.5,24.5,2022-04-10 18:35:53
74,2016-03-04,24.2,19,17.2,2022-04-10 18:35:53
75,2016-02-05,15.1,19,26.2,2022-04-10 18:35:53
76,2016-01-08,29.2,20,25.2,2022-04-10 18:35:53
77,2015-12-04,21.1,20,29.8,2022-04-10 18:35:53
78,2015-11-06,27.1,18,13.7,2022-04-10 18:35:53
79,2015-10-02,14.2,20.3,13.6,2022-04-10 18:35:53
80,2015-09-04,17.3,22,24.5,2022-04-10 18:35:53
81,2015-08-07,21.5,22.3,23.1,2022-04-10 18:35:53
82,2015-07-02,22.3,23,25.4,2022-04-10 18:35:53
83,2015-06-05,28.0,22.5,22.1,2022-04-10 18:35:53
84,2015-05-08,22.3,22.4,8.5,2022-04-10 18:35:53
85,2015-04-03,12.6,24.5,26.4,2022-04-10 18:35:53
86,2015-03-06,29.5,24,23.9,2022-04-10 18:35:53
87,2015-02-06,25.7,23.4,32.9,2022-04-10 18:35:53
88,2015-01-09,25.2,24,35.3,2022-04-10 18:35:53
89,2014-12-05,32.1,22.5,24.3,2022-04-10 18:35:53
90,2014-11-07,21.4,23.1,25.6,2022-04-10 18:35:53
91,2014-10-03,24.8,21.5,18.0,2022-04-10 18:35:53
92,2014-09-05,14.2,22.5,21.2,2022-04-10 18:35:53
93,2014-08-01,20.9,23.3,29.8,2022-04-10 18:35:53
94,2014-07-03,28.8,21.2,22.4,2022-04-10 18:35:53
95,2014-06-06,21.7,21.8,28.2,2022-04-10 18:35:53
96,2014-05-02,28.8,21,20.3,2022-04-10 18:35:53
97,2014-04-04,19.2,20,19.7,2022-04-10 18:35:53
98,2014-03-07,17.5,14.9,12.9,2022-04-10 18:35:53
99,2014-02-07,11.3,18.5,7.5,2022-04-10 18:35:53
100,2014-01-10,7.4,19.6,24.1,2022-04-10 18:35:53
101,2013-12-06,20.3,18,20.0,2022-04-10 18:35:53
102,2013-11-08,20.4,12.5,16.3,2022-04-10 18:35:53
103,2013-10-22,14.8,18,19.3,2022-04-10 18:35:53
104,2013-09-06,16.9,18,10.4,2022-04-10 18:35:53
105,2013-08-02,16.2,18.4,18.8,2022-04-10 18:35:53
106,2013-07-05,19.5,16.5,19.5,2022-04-10 18:35:53
107,2013-06-07,17.5,17,14.9,2022-04-10 18:35:53
108,2013-05-03,16.5,14.5,13.8,2022-04-10 18:35:53
109,2013-04-05,8.8,20,26.8,2022-04-10 18:35:53
110,2013-03-08,23.6,16,11.9,2022-04-10 18:35:53
111,2013-02-01,15.7,16,19.6,2022-04-10 18:35:53
112,2013-01-04,15.5,15,16.1,2022-04-10 18:35:53
113,2012-12-07,14.6,9.3,13.8,2022-04-10 18:35:53
114,2012-11-02,17.1,12.5,14.8,2022-04-10 18:35:53
115,2012-10-05,11.4,11.3,14.2,2022-04-10 18:35:53
116,2012-09-07,9.6,12.5,14.1,2022-04-10 18:35:53
117,2012-08-03,16.3,10,6.4,2022-04-10 18:35:53
118,2012-07-06,8.0,9,7.7,2022-04-10 18:35:53
119,2012-06-01,6.9,15,7.7,2022-04-10 18:35:53
120,2012-05-04,11.5,17,15.4,2022-04-10 18:35:53
121,2012-04-06,12.0,20.3,24.0,2022-04-10 18:35:53
122,2012-03-09,22.7,21,28.4,2022-04-10 18:35:53
123,2012-02-03,24.3,15,20.3,2022-04-10 18:35:53
124,2012-01-06,20.0,15,10.0,2022-04-10 18:35:53
125,2011-12-02,12.0,12,10.0,2022-04-10 18:35:53
126,2011-11-04,8.0,9.5,15.8,2022-04-10 18:35:53
127,2011-10-07,10.3,5.3,5.7,2022-04-10 18:35:53
128,2011-09-02,0.0,7.4,8.5,2022-04-10 18:35:53
129,2011-08-05,11.7,9.5,4.6,2022-04-10 18:35:53
130,2011-07-08,1.8,8.9,2.5,2022-04-10 18:35:53
131,2011-06-03,5.4,16.9,23.2,2022-04-10 18:35:53
132,2011-05-06,24.4,18.5,22.1,2022-04-10 18:35:53
133,2011-04-01,21.6,18.8,19.4,2022-04-10 18:35:53
134,2011-03-04,19.2,18,6.3,2022-04-10 18:35:53
135,2011-02-04,3.6,15,12.1,2022-04-10 18:35:53
136,2011-01-07,10.3,15,7.1,2022-04-10 18:35:53
137,2010-12-03,3.9,14,17.2,2022-04-10 18:35:53
138,2010-11-05,15.1,6,-4.1,2022-04-10 18:35:53
139,2010-10-08,-9.5,0.3,-5.7,2022-04-10 18:35:53
140,2010-09-03,-5.4,-11.8,-5.4,2022-04-10 18:35:53
141,2010-08-06,-13.1,-6.5,-22.1,2022-04-10 18:35:53
142,2010-07-02,-12.5,-10,43.3,2022-04-10 18:35:53
143,2010-06-04,43.1,50,29.0,2022-04-10 18:35:53
144,2010-05-07,29.0,18.7,23.0,2022-04-10 18:35:53
145,2010-04-02,16.2,19,-1.4,2022-04-10 18:35:53
146,2010-03-05,-3.6,-5.5,-2.6,2022-04-10 18:35:53
147,2010-02-05,-2.0,1.5,-15.0,2022-04-10 18:35:53
148,2010-01-08,-8.5,0,0.4,2022-04-10 18:35:53
149,2009-12-04,-1.1,-11.4,-11.1,2022-04-10 18:35:53
150,2009-11-06,-19.0,-16.6,-21.9,2022-04-10 18:35:53
151,2009-10-02,-26.3,-19,-20.1,2022-04-10 18:35:53
152,2009-09-04,-21.6,-22,-27.6,2022-04-10 18:35:53
153,2009-08-07,-24.7,-33,-44.3,2022-04-10 18:35:53
154,2009-07-02,-46.7,-37.5,-32.2,2022-04-10 18:35:53
155,2009-06-05,-34.5,-52.1,-50.4,2022-04-10 18:35:53
156,2009-05-08,-53.9,-58,-69.9,2022-04-10 18:35:53
157,2009-04-03,-66.3,-66.2,-65.1,2022-04-10 18:35:53
158,2009-03-06,-65.1,-63.6,-59.8,2022-04-10 18:35:53
159,2009-02-06,-59.8,-53,-52.4,2022-04-10 18:35:53
160,2009-01-09,-52.4,-47.5,-53.3,2022-04-10 18:35:53
161,2008-12-05,-53.3,-32,-24.0,2022-04-10 18:35:53
162,2008-11-07,-24.0,-20,-15.9,2022-04-10 18:35:53
163,2008-10-03,-15.9,-10,-8.4,2022-04-10 18:35:53
164,2008-09-05,-8.4,-7.3,-5.1,2022-04-10 18:35:53
165,2008-08-01,-5.1,-7.5,-6.2,2022-04-10 18:35:53
166,2008-07-03,-6.2,-6,-4.9,2022-04-10 18:35:53
167,2008-06-06,-4.9,-5.7,-2.0,2022-04-10 18:35:53
168,2008-05-02,-2.0,-8,-8.0,2022-04-10 18:35:53
169,2008-04-04,-8.0,-5,-6.3,2022-04-10 18:35:53
170,2008-03-07,-6.3,2.5,-1.7,2022-04-10 18:35:53
171,2008-02-01,1.5,--,9.7,2022-04-10 18:35:53
172,2008-01-04,9.7,--,11.7,2022-04-10 18:35:53
173,2007-12-07,11.7,--,8.3,2022-04-10 18:35:53
174,2007-11-02,8.3,--,8.6,2022-04-10 18:35:53
175,2007-10-05,8.6,--,-1.7,2022-04-10 18:35:53
176,2007-09-07,-1.7,--,-3.4,2022-04-10 18:35:53
177,2007-08-03,-3.4,--,7.1,2022-04-10 18:35:53
178,2007-07-06,7.1,--,14.5,2022-04-10 18:35:53
179,2007-06-01,14.5,--,7.8,2022-04-10 18:35:53
180,2007-05-04,7.8,--,18.8,2022-04-10 18:35:53
181,2007-04-06,18.8,--,8.8,2022-04-10 18:35:53
182,2007-03-09,8.8,--,23.7,2022-04-10 18:35:53
183,2007-02-02,23.7,--,17.2,2022-04-10 18:35:53
184,2007-01-05,17.2,--,20.9,2022-04-10 18:35:53
185,2006-12-08,20.9,--,0.3,2022-04-10 18:35:53
186,2006-11-03,0.3,--,15.6,2022-04-10 18:35:53
187,2006-10-06,15.6,--,18.5,2022-04-10 18:35:53
188,2006-09-01,18.5,--,20.6,2022-04-10 18:35:53
189,2006-08-04,20.6,--,7.7,2022-04-10 18:35:53
190,2006-07-07,7.7,--,2.4,2022-04-10 18:35:53
191,2006-06-02,2.4,--,18.2,2022-04-10 18:35:53
192,2006-05-05,18.2,--,28.1,2022-04-10 18:35:53
193,2006-04-07,28.1,--,31.5,2022-04-10 18:35:53
194,2006-03-10,31.5,--,27.7,2022-04-10 18:35:53
195,2006-02-03,27.7,--,15.8,2022-04-10 18:35:53
196,2006-01-06,15.8,--,33.7,2022-04-10 18:35:53
197,2005-12-02,33.7,--,8.4,2022-04-10 18:35:53
198,2005-11-04,8.4,--,6.6,2022-04-10 18:35:53
199,2005-10-07,6.6,--,19.6,2022-04-10 18:35:53
200,2005-09-02,19.6,--,37.5,2022-04-10 18:35:53
201,2005-08-05,37.5,--,24.3,2022-04-10 18:35:53
202,2005-07-08,24.3,--,17.6,2022-04-10 18:35:53
203,2005-06-03,17.6,--,36.3,2022-04-10 18:35:53
204,2005-05-06,36.3,--,13.5,2022-04-10 18:35:53
205,2005-04-01,13.5,--,23.9,2022-04-10 18:35:53
206,2005-03-04,23.9,--,13.4,2022-04-10 18:35:53
207,2005-02-04,13.4,--,12.9,2022-04-10 18:35:53
208,2005-01-07,12.9,--,6.4,2022-04-10 18:35:53
209,2004-12-03,6.4,--,34.5,2022-04-10 18:35:53
210,2004-11-05,34.5,--,16.2,2022-04-10 18:35:53
211,2004-10-08,16.2,--,13.2,2022-04-10 18:35:53
212,2004-09-03,13.2,--,3.3,2022-04-10 18:35:53
213,2004-08-06,3.3,--,7.4,2022-04-10 18:35:53
214,2004-07-02,7.4,--,30.8,2022-04-10 18:35:53
215,2004-06-04,30.8,--,24.8,2022-04-10 18:35:53
216,2004-05-07,24.8,--,33.1,2022-04-10 18:35:53
217,2004-04-02,33.1,--,4.6,2022-04-10 18:35:53
218,2004-03-05,4.6,--,16.0,2022-04-10 18:35:53
219,2004-02-06,16.0,--,12.3,2022-04-10 18:35:53
220,2004-01-09,12.3,--,1.7,2022-04-10 18:35:53
221,2003-12-05,1.7,--,19.6,2022-04-10 18:35:53
222,2003-11-07,19.6,--,10.3,2022-04-10 18:35:53
223,2003-10-03,10.3,--,-4.3,2022-04-10 18:35:53
224,2003-09-05,-4.3,--,2.4,2022-04-10 18:35:53
225,2003-08-01,2.4,--,0.9,2022-04-10 18:35:53
226,2003-07-03,0.9,--,-1.0,2022-04-10 18:35:53
227,2003-06-06,-1.0,--,-4.4,2022-04-10 18:35:53
228,2003-05-02,-4.4,--,-21.0,2022-04-10 18:35:53
229,2003-04-04,-21.0,--,-15.1,2022-04-10 18:35:53
230,2003-03-07,-15.1,--,9.1,2022-04-10 18:35:53
231,2003-02-07,9.1,--,-15.7,2022-04-10 18:35:53
232,2003-01-10,-15.7,--,1.0,2022-04-10 18:35:53
233,2002-12-06,1.0,--,12.5,2022-04-10 18:35:53
234,2002-11-01,12.5,--,-6.0,2022-04-10 18:35:53
235,2002-10-04,-6.0,--,-1.6,2022-04-10 18:35:53
236,2002-09-06,-1.6,--,-8.4,2022-04-10 18:35:53
237,2002-08-02,-8.4,--,5.6,2022-04-10 18:35:53
238,2002-07-05,5.6,--,-0.8,2022-04-10 18:35:53
239,2002-06-07,-0.8,--,-8.0,2022-04-10 18:35:53
240,2002-05-03,-8.0,--,-2.0,2022-04-10 18:35:53
241,2002-04-05,-2.0,--,-13.4,2022-04-10 18:35:53
242,2002-03-08,-13.4,--,-13.9,2022-04-10 18:35:53
243,2002-02-01,-13.9,--,-17.1,2022-04-10 18:35:53
244,2002-01-04,-17.1,--,-29.4,2022-04-10 18:35:53
245,2001-12-07,-29.4,--,-32.5,2022-04-10 18:35:53
246,2001-11-02,-32.5,--,-24.1,2022-04-10 18:35:53
247,2001-10-05,-24.1,--,-16.0,2022-04-10 18:35:53
248,2001-09-07,-16.0,--,-11.2,2022-04-10 18:35:53
249,2001-08-03,-11.2,--,-13.1,2022-04-10 18:35:53
250,2001-07-06,-13.1,--,-3.8,2022-04-10 18:35:53
251,2001-06-01,-3.8,--,-28.2,2022-04-10 18:35:53
252,2001-05-04,-28.2,--,-2.5,2022-04-10 18:35:53
253,2001-04-06,-2.5,--,7.1,2022-04-10 18:35:53
254,2001-03-09,7.1,--,-2.7,2022-04-10 18:35:53
255,2001-02-02,-2.7,--,14.2,2022-04-10 18:35:53
256,2001-01-05,14.2,--,22.5,2022-04-10 18:35:53
257,2000-12-08,22.5,--,-1.5,2022-04-10 18:35:53
258,2000-11-03,-1.5,--,13.5,2022-04-10 18:35:53
259,2000-10-06,13.5,--,-1.5,2022-04-10 18:35:53
260,2000-09-01,-1.5,--,17.9,2022-04-10 18:35:53
261,2000-08-04,17.9,--,-4.7,2022-04-10 18:35:53
262,2000-07-07,-4.7,--,22.6,2022-04-10 18:35:53
263,2000-06-02,22.6,--,28.7,2022-04-10 18:35:53
264,2000-05-05,28.7,--,46.7,2022-04-10 18:35:53
265,2000-04-07,46.7,--,13.0,2022-04-10 18:35:53
266,2000-03-03,13.0,--,23.1,2022-04-10 18:35:53
267,2000-02-04,23.1,--,29.5,2022-04-10 18:35:53
268,2000-01-07,29.5,--,29.2,2022-04-10 18:35:53
269,1999-12-03,29.2,--,40.0,2022-04-10 18:35:53
270,1999-11-05,40.0,--,21.4,2022-04-10 18:35:53
271,1999-10-01,21.4,--,16.6,2022-04-10 18:35:53
272,1999-09-03,16.6,--,31.9,2022-04-10 18:35:53
273,1999-08-06,31.9,--,26.1,2022-04-10 18:35:53
274,1999-07-02,26.1,--,21.1,2022-04-10 18:35:53
275,1999-06-04,21.1,--,37.6,2022-04-10 18:35:53
276,1999-05-07,37.6,--,10.7,2022-04-10 18:35:53
277,1999-04-02,10.7,--,41.1,2022-04-10 18:35:53
278,1999-03-05,41.1,--,12.5,2022-04-10 18:35:53
279,1999-02-05,12.5,--,34.7,2022-04-10 18:35:53
280,1999-01-01,34.7,--,28.2,2022-04-10 18:35:53
281,1998-12-04,28.2,--,19.8,2022-04-10 18:35:53
282,1998-11-06,19.8,--,22.3,2022-04-10 18:35:53
283,1998-10-02,22.3,--,34.7,2022-04-10 18:35:53
284,1998-09-04,34.7,--,12.4,2022-04-10 18:35:53
285,1998-08-07,12.4,--,21.8,2022-04-10 18:35:53
286,1998-07-03,21.8,--,40.6,2022-04-10 18:35:53
287,1998-06-05,40.6,--,27.9,2022-04-10 18:35:53
288,1998-05-01,27.9,--,15.1,2022-04-10 18:35:53
289,1998-04-03,15.1,--,19.6,2022-04-10 18:35:53
290,1998-03-06,19.6,--,27.6,2022-04-10 18:35:53
291,1998-02-06,27.6,--,30.3,2022-04-10 18:35:53
292,1998-01-02,30.3,--,30.6,2022-04-10 18:35:53
293,1997-12-05,30.6,--,34.1,2022-04-10 18:35:53
294,1997-11-07,34.1,--,51.2,2022-04-10 18:35:53
295,1997-10-03,51.2,--,-3.9,2022-04-10 18:35:53
296,1997-09-05,-3.9,--,31.3,2022-04-10 18:35:53
297,1997-08-01,31.3,--,26.7,2022-04-10 18:35:53
298,1997-07-04,26.7,--,25.9,2022-04-10 18:35:53
299,1997-06-06,25.9,--,29.2,2022-04-10 18:35:53
300,1997-05-02,29.2,--,31.6,2022-04-10 18:35:53
301,1997-04-04,31.6,--,30.3,2022-04-10 18:35:53
302,1997-03-07,30.3,--,23.5,2022-04-10 18:35:53
303,1997-02-07,23.5,--,17.1,2022-04-10 18:35:53
304,1997-01-03,17.1,--,29.8,2022-04-10 18:35:53
305,1996-12-06,29.8,--,25.0,2022-04-10 18:35:53
306,1996-11-01,25.0,--,22.5,2022-04-10 18:35:53
307,1996-10-04,22.5,--,17.2,2022-04-10 18:35:53
308,1996-09-06,17.2,--,25.6,2022-04-10 18:35:53
309,1996-08-02,25.6,--,28.8,2022-04-10 18:35:53
310,1996-07-05,28.8,--,32.1,2022-04-10 18:35:53
311,1996-06-07,32.1,--,16.4,2022-04-10 18:35:53
312,1996-05-03,16.4,--,26.7,2022-04-10 18:35:53
313,1996-04-05,26.7,--,43.1,2022-04-10 18:35:53
314,1996-03-01,43.1,--,-1.9,2022-04-10 18:35:53
315,1996-02-02,-1.9,--,13.3,2022-04-10 18:35:53
316,1996-01-05,13.3,--,14.9,2022-04-10 18:35:53
317,1995-12-01,14.9,--,15.4,2022-04-10 18:35:53
318,1995-11-03,15.4,--,24.2,2022-04-10 18:35:53
319,1995-10-06,24.2,--,24.8,2022-04-10 18:35:53
320,1995-09-01,24.8,--,10.2,2022-04-10 18:35:53
321,1995-08-04,10.2,--,23.5,2022-04-10 18:35:53
322,1995-07-07,23.5,--,-1.6,2022-04-10 18:35:53
323,1995-06-02,-1.6,--,16.2,2022-04-10 18:35:53
324,1995-05-05,16.2,--,22.2,2022-04-10 18:35:53
325,1995-04-07,22.2,--,20.3,2022-04-10 18:35:53
326,1995-03-03,20.3,--,32.6,2022-04-10 18:35:53
327,1995-02-03,32.6,--,27.5,2022-04-10 18:35:53
328,1995-01-06,27.5,--,42.0,2022-04-10 18:35:53
329,1994-12-02,42.0,--,21.3,2022-04-10 18:35:53
330,1994-11-04,21.3,--,35.2,2022-04-10 18:35:53
331,1994-10-07,35.2,--,27.7,2022-04-10 18:35:53
332,1994-09-02,27.7,--,37.8,2022-04-10 18:35:53
333,1994-08-05,37.8,--,31.6,2022-04-10 18:35:53
334,1994-07-01,31.6,--,33.4,2022-04-10 18:35:53
335,1994-06-03,33.4,--,34.9,2022-04-10 18:35:53
336,1994-05-06,34.9,--,46.5,2022-04-10 18:35:53
337,1994-04-01,46.5,--,20.0,2022-04-10 18:35:53
338,1994-03-04,20.0,--,27.2,2022-04-10 18:35:53
339,1994-02-04,27.2,--,31.2,2022-04-10 18:35:53
340,1994-01-07,31.2,--,26.2,2022-04-10 18:35:53
341,1993-12-03,26.2,--,28.6,2022-04-10 18:35:53
342,1993-11-05,28.6,--,23.9,2022-04-10 18:35:53
343,1993-10-01,23.9,--,16.0,2022-04-10 18:35:53
344,1993-09-03,16.0,--,29.8,2022-04-10 18:35:53
345,1993-08-06,29.8,--,18.1,2022-04-10 18:35:53
346,1993-07-02,18.1,--,26.7,2022-04-10 18:35:53
347,1993-06-04,26.7,--,30.8,2022-04-10 18:35:53
348,1993-05-07,30.8,--,-4.9,2022-04-10 18:35:53
349,1993-04-02,-4.9,--,24.2,2022-04-10 18:35:53
350,1993-03-05,24.2,--,31.0,2022-04-10 18:35:53
351,1993-02-05,31.0,--,21.1,2022-04-10 18:35:53
352,1993-01-01,21.1,--,13.8,2022-04-10 18:35:53
353,1992-12-04,13.8,--,18.0,2022-04-10 18:35:53
354,1992-11-06,18.0,--,3.6,2022-04-10 18:35:53
355,1992-10-02,3.6,--,14.1,2022-04-10 18:35:53
356,1992-09-04,14.1,--,6.8,2022-04-10 18:35:53
357,1992-08-07,6.8,--,6.7,2022-04-10 18:35:53
358,1992-07-03,6.7,--,12.7,2022-04-10 18:35:53
359,1992-06-05,12.7,--,15.9,2022-04-10 18:35:53
360,1992-05-01,15.9,--,5.4,2022-04-10 18:35:53
361,1992-04-03,5.4,--,-6.3,2022-04-10 18:35:53
362,1992-03-06,-6.3,--,5.3,2022-04-10 18:35:53
363,1992-02-07,5.3,--,2.5,2022-04-10 18:35:53
364,1992-01-03,2.5,--,-5.7,2022-04-10 18:35:53
365,1991-12-06,-5.7,--,1.6,2022-04-10 18:35:53
366,1991-11-01,1.6,--,3.2,2022-04-10 18:35:53
367,1991-10-04,3.2,--,0.6,2022-04-10 18:35:53
368,1991-09-06,0.6,--,-3.6,2022-04-10 18:35:53
369,1991-08-02,-3.6,--,9.7,2022-04-10 18:35:53
370,1991-07-05,9.7,--,-12.5,2022-04-10 18:35:53
371,1991-06-07,-12.5,--,-21.1,2022-04-10 18:35:53
372,1991-05-03,-21.1,--,-15.8,2022-04-10 18:35:53
373,1991-04-05,-15.8,--,-30.5,2022-04-10 18:35:53
374,1991-03-01,-30.5,--,-12.0,2022-04-10 18:35:53
375,1991-02-01,-12.0,--,-5.6,2022-04-10 18:35:53
376,1991-01-04,-5.6,--,-15.0,2022-04-10 18:35:53
377,1990-12-07,-15.0,--,-15.9,2022-04-10 18:35:53
378,1990-11-02,-15.9,--,-8.8,2022-04-10 18:35:53
379,1990-10-05,-8.8,--,-22.1,2022-04-10 18:35:53
380,1990-09-07,-22.1,--,-2.8,2022-04-10 18:35:53
381,1990-08-03,-2.8,--,2.3,2022-04-10 18:35:53
382,1990-07-06,2.3,--,15.2,2022-04-10 18:35:53
383,1990-06-01,15.2,--,4.0,2022-04-10 18:35:53
384,1990-05-04,4.0,--,21.5,2022-04-10 18:35:53
385,1990-04-06,21.5,--,24.8,2022-04-10 18:35:53
386,1990-03-02,24.8,--,33.5,2022-04-10 18:35:53
387,1990-02-02,33.5,--,9.6,2022-04-10 18:35:53
388,1990-01-05,9.6,--,27.7,2022-04-10 18:35:53
389,1989-12-01,27.7,--,11.1,2022-04-10 18:35:53
390,1989-11-03,11.1,--,25.0,2022-04-10 18:35:53
391,1989-10-06,25.0,--,4.9,2022-04-10 18:35:53
392,1989-09-01,4.9,--,4.0,2022-04-10 18:35:53
393,1989-08-04,4.0,--,11.6,2022-04-10 18:35:53
394,1989-07-07,11.6,--,11.8,2022-04-10 18:35:53
395,1989-06-02,11.8,--,17.3,2022-04-10 18:35:53
396,1989-05-05,17.3,--,19.3,2022-04-10 18:35:53
397,1989-04-07,19.3,--,25.8,2022-04-10 18:35:53
398,1989-03-03,25.8,--,26.2,2022-04-10 18:35:53
399,1989-02-03,26.2,--,29.0,2022-04-10 18:35:53
400,1989-01-06,29.0,--,33.9,2022-04-10 18:35:53
401,1988-12-02,33.9,--,26.8,2022-04-10 18:35:53
402,1988-11-04,26.8,--,33.9,2022-04-10 18:35:53
403,1988-10-07,33.9,--,12.4,2022-04-10 18:35:53
404,1988-09-02,12.4,--,22.2,2022-04-10 18:35:53
405,1988-08-05,22.2,--,36.3,2022-04-10 18:35:53
406,1988-07-01,36.3,--,22.9,2022-04-10 18:35:53
407,1988-06-03,22.9,--,24.5,2022-04-10 18:35:53
408,1988-05-06,24.5,--,27.6,2022-04-10 18:35:53
409,1988-04-01,27.6,--,45.3,2022-04-10 18:35:53
410,1988-03-04,45.3,--,9.4,2022-04-10 18:35:53
411,1988-02-05,9.4,--,29.4,2022-04-10 18:35:53
412,1988-01-01,29.4,--,23.2,2022-04-10 18:35:53
413,1987-12-04,23.2,--,49.2,2022-04-10 18:35:53
414,1987-11-06,49.2,--,22.8,2022-04-10 18:35:53
415,1987-10-02,22.8,--,17.1,2022-04-10 18:35:53
416,1987-09-04,17.1,--,34.7,2022-04-10 18:35:53
417,1987-08-07,34.7,--,17.2,2022-04-10 18:35:53
418,1987-07-03,17.2,--,22.6,2022-04-10 18:35:53
419,1987-06-05,22.6,--,33.8,2022-04-10 18:35:53
420,1987-05-01,33.8,--,24.9,2022-04-10 18:35:53
421,1987-04-03,24.9,--,23.2,2022-04-10 18:35:53
422,1987-03-06,23.2,--,17.2,2022-04-10 18:35:53
423,1987-02-06,17.2,--,20.5,2022-04-10 18:35:53
424,1987-01-02,20.5,--,18.6,2022-04-10 18:35:53
425,1986-12-05,18.6,--,18.6,2022-04-10 18:35:53
426,1986-11-07,18.6,--,34.7,2022-04-10 18:35:53
427,1986-10-03,34.7,--,11.4,2022-04-10 18:35:53
428,1986-09-05,11.4,--,31.8,2022-04-10 18:35:53
429,1986-08-01,31.8,--,-9.4,2022-04-10 18:35:53
430,1986-07-04,-9.4,--,12.7,2022-04-10 18:35:53
431,1986-06-06,12.7,--,18.7,2022-04-10 18:35:53
432,1986-05-02,18.7,--,9.4,2022-04-10 18:35:53
433,1986-04-04,9.4,--,10.7,2022-04-10 18:35:53
434,1986-03-07,10.7,--,12.5,2022-04-10 18:35:53
435,1986-02-07,12.5,--,16.7,2022-04-10 18:35:53
436,1986-01-03,16.7,--,20.9,2022-04-10 18:35:53
437,1985-12-06,20.9,--,18.8,2022-04-10 18:35:53
438,1985-11-01,18.8,--,20.3,2022-04-10 18:35:53
439,1985-10-04,20.3,--,19.3,2022-04-10 18:35:53
440,1985-09-06,19.3,--,19.0,2022-04-10 18:35:53
441,1985-08-02,19.0,--,14.6,2022-04-10 18:35:53
442,1985-07-05,14.6,--,27.4,2022-04-10 18:35:53
443,1985-06-07,27.4,--,19.6,2022-04-10 18:35:53
444,1985-05-03,19.6,--,34.6,2022-04-10 18:35:53
445,1985-04-05,34.6,--,12.4,2022-04-10 18:35:53
446,1985-03-01,12.4,--,26.6,2022-04-10 18:35:53
447,1985-02-01,26.6,--,12.8,2022-04-10 18:35:53
448,1985-01-04,12.8,--,34.9,2022-04-10 18:35:53
449,1984-12-07,34.9,--,28.6,2022-04-10 18:35:53
450,1984-11-02,28.6,--,31.0,2022-04-10 18:35:53
451,1984-10-05,31.0,--,24.2,2022-04-10 18:35:53
452,1984-09-07,24.2,--,31.3,2022-04-10 18:35:53
453,1984-08-03,31.3,--,37.9,2022-04-10 18:35:53
454,1984-07-06,37.9,--,30.8,2022-04-10 18:35:53
455,1984-06-01,30.8,--,36.3,2022-04-10 18:35:53
456,1984-05-04,36.3,--,27.5,2022-04-10 18:35:53
457,1984-04-06,27.5,--,48.1,2022-04-10 18:35:53
458,1984-03-02,48.1,--,44.6,2022-04-10 18:35:53
459,1984-02-03,44.6,--,35.6,2022-04-10 18:35:53
460,1984-01-06,35.6,--,35.3,2022-04-10 18:35:53
461,1983-12-02,35.3,--,27.1,2022-04-10 18:35:53
462,1983-11-04,27.1,--,0.1,2022-04-10 18:35:53
463,1983-10-07,0.1,--,-30.8,2022-04-10 18:35:53
464,1983-09-02,-30.8,--,41.8,2022-04-10 18:35:53
465,1983-08-05,41.8,--,37.9,2022-04-10 18:35:53
466,1983-07-01,37.9,--,27.7,2022-04-10 18:35:53
467,1983-06-03,27.7,--,27.6,2022-04-10 18:35:53
468,1983-05-06,27.6,--,17.2,2022-04-10 18:35:53
469,1983-04-01,17.2,--,-7.5,2022-04-10 18:35:53
470,1983-03-04,-7.5,--,22.4,2022-04-10 18:35:53
471,1983-02-04,22.4,--,-1.4,2022-04-10 18:35:53
472,1983-01-07,-1.4,--,-12.3,2022-04-10 18:35:53
473,1982-12-03,-12.3,--,-27.7,2022-04-10 18:35:53
474,1982-11-05,-27.7,--,-18.1,2022-04-10 18:35:53
475,1982-10-01,-18.1,--,-15.8,2022-04-10 18:35:53
476,1982-09-03,-15.8,--,-34.2,2022-04-10 18:35:53
477,1982-08-06,-34.2,--,-24.3,2022-04-10 18:35:53
478,1982-07-02,-24.3,--,-4.5,2022-04-10 18:35:53
479,1982-06-04,-4.5,--,-28.0,2022-04-10 18:35:53
480,1982-05-07,-28.0,--,-13.0,2022-04-10 18:35:53
481,1982-04-02,-13.0,--,-0.5,2022-04-10 18:35:53
482,1982-03-05,-0.5,--,-32.6,2022-04-10 18:35:53
483,1982-02-05,-32.6,--,-27.8,2022-04-10 18:35:53
484,1982-01-01,-27.8,--,-20.9,2022-04-10 18:35:53
485,1981-12-04,-20.9,--,-9.9,2022-04-10 18:35:53
486,1981-11-06,-9.9,--,-8.7,2022-04-10 18:35:53
487,1981-10-02,-8.7,--,-3.6,2022-04-10 18:35:53
488,1981-09-04,-3.6,--,11.2,2022-04-10 18:35:53
489,1981-08-07,11.2,--,19.7,2022-04-10 18:35:53
490,1981-07-03,19.7,--,1.0,2022-04-10 18:35:53
491,1981-06-05,1.0,--,7.3,2022-04-10 18:35:53
492,1981-05-01,7.3,--,10.5,2022-04-10 18:35:53
493,1981-04-03,10.5,--,6.8,2022-04-10 18:35:53
494,1981-03-06,6.8,--,9.4,2022-04-10 18:35:53
495,1981-02-06,9.4,--,19.5,2022-04-10 18:35:53
496,1981-01-02,19.5,--,25.7,2022-04-10 18:35:53
497,1980-12-05,25.7,--,28.1,2022-04-10 18:35:53
498,1980-11-07,28.1,--,11.3,2022-04-10 18:35:53
499,1980-10-03,11.3,--,26.0,2022-04-10 18:35:53
500,1980-09-05,26.0,--,-26.2,2022-04-10 18:35:53
501,1980-08-01,-26.2,--,-32.0,2022-04-10 18:35:53
502,1980-07-04,-32.0,--,-43.1,2022-04-10 18:35:53
503,1980-06-06,-43.1,--,-14.4,2022-04-10 18:35:53
504,1980-05-02,-14.4,--,11.2,2022-04-10 18:35:53
505,1980-04-04,11.2,--,8.0,2022-04-10 18:35:53
506,1980-03-07,8.0,--,12.9,2022-04-10 18:35:53
507,1980-02-01,12.9,--,9.7,2022-04-10 18:35:53
508,1980-01-04,9.7,--,9.4,2022-04-10 18:35:53
509,1979-12-07,9.4,--,15.7,2022-04-10 18:35:53
510,1979-11-02,15.7,--,2.8,2022-04-10 18:35:53
511,1979-10-05,2.8,--,8.2,2022-04-10 18:35:53
512,1979-09-07,8.2,--,10.6,2022-04-10 18:35:53
513,1979-08-03,10.6,--,31.8,2022-04-10 18:35:53
514,1979-07-06,31.8,--,37.3,2022-04-10 18:35:53
515,1979-06-01,37.3,--,-6.2,2022-04-10 18:35:53
516,1979-05-04,-6.2,--,42.6,2022-04-10 18:35:53
517,1979-04-06,42.6,--,24.4,2022-04-10 18:35:53
518,1979-03-02,24.4,--,13.7,2022-04-10 18:35:53
519,1979-02-02,13.7,--,28.2,2022-04-10 18:35:53
520,1979-01-05,28.2,--,43.7,2022-04-10 18:35:53
521,1978-12-01,43.7,--,33.6,2022-04-10 18:35:53
522,1978-11-03,33.6,--,13.7,2022-04-10 18:35:53
523,1978-10-06,13.7,--,27.6,2022-04-10 18:35:53
524,1978-09-01,27.6,--,25.4,2022-04-10 18:35:53
525,1978-08-04,25.4,--,44.2,2022-04-10 18:35:53
526,1978-07-07,44.2,--,34.6,2022-04-10 18:35:53
527,1978-06-02,34.6,--,70.2,2022-04-10 18:35:53
528,1978-05-05,70.2,--,51.3,2022-04-10 18:35:53
529,1978-04-07,51.3,--,35.3,2022-04-10 18:35:53
530,1978-03-03,35.3,--,18.7,2022-04-10 18:35:53
531,1978-02-03,18.7,--,23.5,2022-04-10 18:35:53
532,1978-01-06,23.5,--,37.9,2022-04-10 18:35:53
533,1977-12-02,37.9,--,26.2,2022-04-10 18:35:53
534,1977-11-04,26.2,--,45.8,2022-04-10 18:35:53
535,1977-10-07,45.8,--,23.8,2022-04-10 18:35:53
536,1977-09-02,23.8,--,34.8,2022-04-10 18:35:53
537,1977-08-05,34.8,--,39.9,2022-04-10 18:35:53
538,1977-07-01,39.9,--,36.0,2022-04-10 18:35:53
539,1977-06-03,36.0,--,33.8,2022-04-10 18:35:53
540,1977-05-06,33.8,--,40.3,2022-04-10 18:35:53
541,1977-04-01,40.3,--,29.6,2022-04-10 18:35:53
542,1977-03-04,29.6,--,24.4,2022-04-10 18:35:53
543,1977-02-04,24.4,--,21.1,2022-04-10 18:35:53
544,1977-01-07,21.1,--,33.2,2022-04-10 18:35:53
545,1976-12-03,33.2,--,1.3,2022-04-10 18:35:53
546,1976-11-05,1.3,--,18.8,2022-04-10 18:35:53
547,1976-10-01,18.8,--,15.7,2022-04-10 18:35:53
548,1976-09-03,15.7,--,17.1,2022-04-10 18:35:53
549,1976-08-06,17.1,--,6.5,2022-04-10 18:35:53
550,1976-07-02,6.5,--,1.9,2022-04-10 18:35:53
551,1976-06-04,1.9,--,24.3,2022-04-10 18:35:53
552,1976-05-07,24.3,--,23.2,2022-04-10 18:35:53
553,1976-04-02,23.2,--,31.1,2022-04-10 18:35:53
554,1976-03-05,31.1,--,48.8,2022-04-10 18:35:53
555,1976-02-06,48.8,--,33.8,2022-04-10 18:35:53
556,1976-01-02,33.8,--,14.5,2022-04-10 18:35:53
557,1975-12-05,14.5,--,30.5,2022-04-10 18:35:53
558,1975-11-07,30.5,--,7.5,2022-04-10 18:35:53
559,1975-10-03,7.5,--,38.6,2022-04-10 18:35:53
560,1975-09-05,38.6,--,24.9,2022-04-10 18:35:53
561,1975-08-01,24.9,--,-10.3,2022-04-10 18:35:53
562,1975-07-04,-10.3,--,16.2,2022-04-10 18:35:53
563,1975-06-06,16.2,--,-18.8,2022-04-10 18:35:53
564,1975-05-02,-18.8,--,-27.0,2022-04-10 18:35:53
565,1975-04-04,-27.0,--,-37.8,2022-04-10 18:35:53
566,1975-03-07,-37.8,--,-36.0,2022-04-10 18:35:53
567,1975-02-07,-36.0,--,-60.4,2022-04-10 18:35:53
568,1975-01-03,-60.4,--,-36.8,2022-04-10 18:35:53
569,1974-12-06,-36.8,--,1.8,2022-04-10 18:35:53
570,1974-11-01,1.8,--,-0.8,2022-04-10 18:35:53
571,1974-10-04,-0.8,--,-1.6,2022-04-10 18:35:53
572,1974-09-06,-1.6,--,3.3,2022-04-10 18:35:53
573,1974-08-02,3.3,--,5.5,2022-04-10 18:35:53
574,1974-07-05,5.5,--,16.5,2022-04-10 18:35:53
575,1974-06-07,16.5,--,8.6,2022-04-10 18:35:53
576,1974-05-03,8.6,--,4.2,2022-04-10 18:35:53
577,1974-04-05,4.2,--,15.0,2022-04-10 18:35:53
578,1974-03-01,15.0,--,6.9,2022-04-10 18:35:53
579,1974-02-01,6.9,--,12.3,2022-04-10 18:35:53
580,1974-01-04,12.3,--,30.6,2022-04-10 18:35:53
581,1973-12-07,30.6,--,33.0,2022-04-10 18:35:53
582,1973-11-02,33.0,--,11.0,2022-04-10 18:35:53
583,1973-10-05,11.0,--,25.5,2022-04-10 18:35:53
584,1973-09-07,25.5,--,2.4,2022-04-10 18:35:53
585,1973-08-03,2.4,--,24.1,2022-04-10 18:35:53
586,1973-07-06,24.1,--,19.1,2022-04-10 18:35:53
587,1973-06-01,19.1,--,17.0,2022-04-10 18:35:53
588,1973-05-04,17.0,--,26.8,2022-04-10 18:35:53
589,1973-04-06,26.8,--,39.6,2022-04-10 18:35:53
590,1973-03-02,39.6,--,35.1,2022-04-10 18:35:53
591,1973-02-02,35.1,--,30.3,2022-04-10 18:35:53
592,1973-01-05,30.3,--,29.4,2022-04-10 18:35:53
593,1972-12-01,29.4,--,41.0,2022-04-10 18:35:53
594,1972-11-03,41.0,--,12.5,2022-04-10 18:35:53
595,1972-10-06,12.5,--,43.0,2022-04-10 18:35:53
596,1972-09-01,43.0,--,-5.2,2022-04-10 18:35:53
597,1972-08-04,-5.2,--,29.3,2022-04-10 18:35:53
598,1972-07-07,29.3,--,30.4,2022-04-10 18:35:53
599,1972-06-02,30.4,--,21.8,2022-04-10 18:35:53
600,1972-05-05,21.8,--,29.3,2022-04-10 18:35:53
601,1972-04-07,29.3,--,20.7,2022-04-10 18:35:53
602,1972-03-03,20.7,--,33.7,2022-04-10 18:35:53
603,1972-02-04,33.7,--,26.2,2022-04-10 18:35:53
604,1972-01-07,26.2,--,20.4,2022-04-10 18:35:53
605,1971-12-03,20.4,--,2.5,2022-04-10 18:35:53
606,1971-11-05,2.5,--,24.7,2022-04-10 18:35:53
607,1971-10-01,24.7,--,5.5,2022-04-10 18:35:53
608,1971-09-03,5.5,--,6.2,2022-04-10 18:35:53
609,1971-08-06,6.2,--,0.6,2022-04-10 18:35:53
610,1971-07-02,0.6,--,21.0,2022-04-10 18:35:53
611,1971-06-04,21.0,--,17.8,2022-04-10 18:35:53
612,1971-05-07,17.8,--,5.3,2022-04-10 18:35:53
613,1971-04-02,5.3,--,-6.0,2022-04-10 18:35:53
614,1971-03-05,-6.0,--,7.6,2022-04-10 18:35:53
615,1971-02-05,7.6,--,38.1,2022-04-10 18:35:53
616,1971-01-01,38.1,--,-11.0,2022-04-10 18:35:53
617,1970-12-04,-11.0,--,-42.9,2022-04-10 18:35:53
618,1970-11-06,-42.9,--,1.5,2022-04-10 18:35:53
619,1970-10-02,1.5,--,-12.0,2022-04-10 18:35:53
620,1970-09-04,-12.0,--,2.4,2022-04-10 18:35:53
621,1970-08-07,2.4,--,-9.4,2022-04-10 18:35:53
622,1970-07-03,-9.4,--,-22.5,2022-04-10 18:35:53
623,1970-06-05,-22.5,--,-10.4,2022-04-10 18:35:53
624,1970-05-01,-10.4,--,14.8,2022-04-10 18:35:53
625,1970-04-03,14.8,--,12.8,2022-04-10 18:35:53
626,1970-03-06,12.8,--,-6.4,2022-04-10 18:35:53
627,1970-02-06,-6.4,--,15.3,2022-04-10 18:35:53
628,1970-01-02,15.3,--,-3.3,2022-04-10 18:35:53
